accuracy,loss,val_accuracy,val_loss
0.5040347576141357,0.9905120134353638,0.659217894077301,0.8305564522743225
0.5741775035858154,0.8500086069107056,0.6927374005317688,0.7454982995986938
0.601489782333374,0.8265780210494995,0.6815642714500427,0.7475956082344055
0.6697703003883362,0.778297483921051,0.6033519506454468,0.8304588198661804
0.6368715167045593,0.8003939986228943,0.7318435907363892,0.6537072658538818
0.6666666865348816,0.7499298453330994,0.6871508359909058,0.6663060188293457
0.6722532510757446,0.7184320688247681,0.6927374005317688,0.6862055659294128
0.6865301132202148,0.6955158114433289,0.7653631567955017,0.607234001159668
